scene,band,valid_pixels,BOA_p01,BOA_median,BOA_p99,above_surface_Rrs_p01_sr-1,above_surface_Rrs_median_sr-1,above_surface_Rrs_p99_sr-1,below_surface_rrs_p01_sr-1,below_surface_rrs_median_sr-1,below_surface_rrs_p99_sr-1,negative_percent,nonfinite_conversion_pixels,Rrs_rrs_roundtrip_max_abs_error,numeric_conversion_pass
20200728_S2A,B02,112244,0.0574002967774868,0.06482259929180145,0.15888342723250387,0.01827108193415763,0.02063367420271079,0.0505741656388689,0.03315619734024952,0.03717261758795877,0.0834590129466033,0.0,0,1.3877787807814457e-17,True
20200728_S2A,B03,112244,0.03764226287603378,0.04614226147532463,0.1930005308985709,0.011981904411770643,0.014687537998473292,0.06143397702373528,0.02217355019542618,0.02695115317621193,0.09838286672134468,0.0,0,2.7755575615628914e-17,True
20200728_S2A,B04,112244,0.013950830325484276,0.019437916576862335,0.1284516941010946,0.004440687213074276,0.006187281013231068,0.04088744412943453,0.008417579782567233,0.011662708160635206,0.0693585130851573,0.0,0,1.3877787807814457e-17,True
20200728_S2A,B05,112244,0.014775340538471937,0.020702579990029335,0.13348962724208832,0.004703136965127751,0.00658983588033706,0.04249106805414578,0.008907535109146355,0.012405500988349742,0.07174699448305685,0.0,0,1.3877787807814457e-17,True
20200728_S2A,B06,112244,0.01073149498552084,0.015793107450008392,0.04717074226588002,0.003415940947423059,0.005027102234900548,0.015014913601857194,0.006496566801689626,0.00951119019533035,0.027523768613207447,0.0008909162182388368,0,1.3877787807814457e-17,True
20200728_S2A,B07,112244,0.009293168783187866,0.014646600931882858,0.05278377227485178,0.002958107497663286,0.004662157875607035,0.016801596545159198,0.005634181581801417,0.008831087698080775,0.03062839692180525,0.0008909162182388368,0,1.3877787807814457e-17,True
20200728_S2A,B08,112244,0.00352861569263041,0.008692272938787937,0.038294619508087456,0.0011231932595075235,0.002766836409824032,0.012189555977070887,0.002152084630176283,0.005273141435201953,0.022543100534283052,0.0026727486547165106,0,1.3877787807814457e-17,True
20200728_S2A,B8A,112244,0.005896787624806166,0.01086452603340149,0.02939544448629017,0.001877005797702036,0.003458286045132859,0.009356860588752963,0.0035876116391592443,0.006576199996120504,0.01745986984701438,0.004454581091194184,0,6.938893903907228e-18,True
20210424_S2A,B02,112982,0.030757930129766464,0.042347412556409836,0.1492046368122102,0.00979055323885495,0.013479600071008842,0.047493310961788444,0.018244039482906472,0.02482818143354604,0.07905819375915343,0.0,0,1.3877787807814457e-17,True
20210424_S2A,B03,112982,0.016396903917193412,0.02656349167227745,0.17850479081273096,0.005219296619648386,0.008455422010846706,0.05681983964686176,0.00986871810639448,0.015823035122642763,0.09215117976402086,0.0,0,2.0816681711721685e-17,True
20210424_S2A,B04,112982,0.008749778578057886,0.0157682653516531,0.10724414043128493,0.002785141023314975,0.005019194749400508,0.03413687013456077,0.005307712282773677,0.009496470897551738,0.05905698995835821,0.0,0,1.3877787807814457e-17,True
20210424_S2A,B05,112982,0.008519526571035385,0.01545662060379982,0.10903692521154884,0.002711849533166054,0.004919995145181555,0.03470753125391861,0.005169266288718979,0.009311753302710321,0.05994363249178772,0.0,0,1.3877787807814457e-17,True
20210424_S2A,B06,112982,0.0067802187986671925,0.01278265006840229,0.0327379744127393,0.0021582106741049522,0.0040688438884003576,0.010420820909206898,0.0041213263466025945,0.007721982060059538,0.01937980759156402,0.006195677187516596,0,6.938893903907228e-18,True
20210424_S2A,B07,112982,0.006031393934972584,0.011738574132323265,0.035756262429058557,0.0019198523169707286,0.003736504196019808,0.01138157182415138,0.0036689954555905943,0.00709886879965969,0.021102437834476177,0.0053105804464427964,0,1.3877787807814457e-17,True
20210424_S2A,B08,112982,0.004058772698044777,0.008653701283037663,0.02711620960384613,0.00129194747556051,0.002754558670472242,0.008631357592736075,0.002474064732107647,0.00524995089287434,0.016143236318222454,0.01327645111610699,0,6.938893903907228e-18,True
20210424_S2A,B8A,112982,0.004259539768099785,0.00914740189909935,0.021641397848725343,0.0013558536187791726,0.0029117084573797047,0.006888670886085897,0.0025959042046009456,0.005546640609130572,0.012955673744031174,0.023897612008992583,0,6.938893903907228e-18,True
20210608_S2B,B02,112636,0.05736263133585453,0.06352966278791428,0.15195091590285284,0.0182590926517186,0.020222119731315595,0.04836747874655983,0.033135666180110705,0.036477158532502746,0.08031466922180142,0.0,0,1.3877787807814457e-17,True
20210608_S2B,B03,112636,0.04180457442998886,0.04726802185177803,0.17442312389612197,0.013306809328771561,0.015045878655772395,0.05552060471519581,0.024523185071858432,0.027577869395584976,0.09036776969292627,0.0,0,1.3877787807814457e-17,True
20210608_S2B,B04,112636,0.024226928129792213,0.027912648394703865,0.12307792603969574,0.007711670735577036,0.008884871933606354,0.03917692062943256,0.014465444366875158,0.016604000804536327,0.06678634424328912,0.0,0,1.3877787807814457e-17,True
20210608_S2B,B05,112636,0.024656036868691444,0.02857663482427597,0.1324458561837671,0.007848260289416521,0.009096225378431034,0.04215882540736962,0.01471524774747928,0.016987570517930366,0.07125395085132766,0.0,0,2.7755575615628914e-17,True
20210608_S2B,B06,112636,0.01921355165541172,0.02295931614935398,0.05861330069601536,0.006115863440620488,0.007308177310358533,0.018657193073404948,0.011530728513442398,0.013726238230032169,0.033816585959081935,0.0,0,1.3877787807814457e-17,True
20210608_S2B,B07,112636,0.019201721996068954,0.022936491295695305,0.06540683060884453,0.006112097943101499,0.007300911933788278,0.020819640806743776,0.011523768198588025,0.013712910491604918,0.0374862954776047,0.0,0,1.3877787807814457e-17,True
20210608_S2B,B08,112636,0.011633733008056878,0.014955849386751652,0.04767668601125468,0.0037031322296871938,0.004760594716078834,0.015175960497862804,0.007036224825215447,0.009014689868496791,0.027805028558771993,0.0,0,6.938893903907228e-18,True
20210608_S2B,B8A,112636,0.012887907214462757,0.016327714547514915,0.03913561496883627,0.004102348278582895,0.005197272959260896,0.012457253146462928,0.007784726267876251,0.009827771198294439,0.02301880075984222,0.0,0,6.938893903907228e-18,True
20210718_S2B,B02,112866,0.0249641016125679,0.0390566848218441,0.15365087985992432,0.007946320342977074,0.012432128900357381,0.048908594080251805,0.014894451916035886,0.022974188789345925,0.08108933293016946,0.0,0,1.3877787807814457e-17,True
20210718_S2B,B03,112866,0.011424553580582142,0.024222789332270622,0.18345015719533003,0.00363654834993572,0.007710353315409001,0.05839399865724401,0.006911196955256534,0.014463033928249543,0.09429492389341536,0.0,0,1.3877787807814457e-17,True
20210718_S2B,B04,112866,0.0037536066956818104,0.012319356203079224,0.1123682104051115,0.0011948101200811917,0.003921372870859723,0.03576791226472728,0.0022887715758286337,0.007445649396207209,0.06158329291496881,0.0,0,1.3877787807814457e-17,True
20210718_S2B,B05,112866,0.003423064248636365,0.012123064137995243,0.11533139348030104,0.0010895951913832444,0.0038588911659640603,0.0367111227321326,0.002087937845042832,0.007328491194390891,0.06303324374536846,0.0,0,1.3877787807814457e-17,True
20210718_S2B,B06,112866,0.0021633759839460253,0.009376958943903446,0.03202072717249394,0.0006886239632226056,0.002984778734183984,0.01019251402179876,0.0013213022433203319,0.005684490243604892,0.018968912463632692,0.014176102634983078,0,1.3877787807814457e-17,True
20210718_S2B,B07,112866,0.003179675666615367,0.009858674369752407,0.03676924854516988,0.0010121221995417061,0.003138113516558943,0.011704015319476535,0.001939969754937512,0.0059735497407663275,0.021678244342802487,0.0053160384881186535,0,6.938893903907228e-18,True
20210718_S2B,B08,112866,0.00045863588456995785,0.005821641068905592,0.02551192073151471,0.00014598833621726545,0.0018530859060462207,0.008120696584378338,0.00028061287243546124,0.0035421677043488047,0.015212846978853794,0.35706058511863625,0,6.938893903907228e-18,True
20210718_S2B,B8A,112866,0.0009457591804675758,0.006553386338055134,0.01876527080312372,0.0003010444970919092,0.0020860076593847386,0.005973171213550322,0.0005783625100869867,0.003984381144403865,0.011266852287040236,0.1736572572785427,0,1.3877787807814457e-17,True
20210812_S2A,B02,112842,0.044657085090875626,0.0526546835899353,0.15180543690919868,0.014214791672576476,0.016760506340555818,0.048321171344647654,0.0261222016535909,0.03055738285591047,0.08024826539826138,0.0,0,1.3877787807814457e-17,True
20210812_S2A,B03,112842,0.026388170216232538,0.03296031430363655,0.18197303131222697,0.008399615458127474,0.010491593894572519,0.05792381488551435,0.015721392781156376,0.019507060812250857,0.09365655424914963,0.0,0,1.3877787807814457e-17,True
20210812_S2A,B04,112842,0.010140065103769302,0.01341430377215147,0.11472639881074426,0.0032276829690770343,0.004269905506948329,0.03651854694772418,0.006142269160050166,0.008098309953639794,0.06273785556341285,0.0,0,1.3877787807814457e-17,True
20210812_S2A,B05,112842,0.008960841223597527,0.012394223362207413,0.1148634177446365,0.0028523243499943484,0.003945203827760721,0.03656216142897645,0.005434562348678007,0.0074903219009264214,0.06280478406429192,0.0,0,1.3877787807814457e-17,True
20210812_S2A,B06,112842,0.006564661674201488,0.00967650767415762,0.033081835396587815,0.002089596710350169,0.0030801280564176888,0.010530275259838765,0.003991189901660746,0.0058642720220808435,0.019576587686275727,0.010634338278300633,0,1.3877787807814457e-17,True
20210812_S2A,B07,112842,0.0059912013821303844,0.009090721607208252,0.037989207431674,0.001907058630050092,0.0028936665601189855,0.012092340293788566,0.0036446971597251117,0.005512593895144924,0.022370149262132936,0.012406727991350739,0,6.938893903907228e-18,True
20210812_S2A,B08,112842,0.004147948096506298,0.006877539213746786,0.028222770802676662,0.0013203328864951909,0.002189188724352297,0.008983586961991218,0.002528188846160799,0.004180061768076326,0.016783215483566337,0.022154871413126317,0,6.938893903907228e-18,True
20210812_S2A,B8A,112842,0.004069635644555092,0.007053340319544077,0.0204545347765088,0.0012954052588278289,0.002245147954329617,0.006510880636652905,0.002480658423621909,0.004286132407573027,0.012259963963423427,0.05051310682192801,0,6.938893903907228e-18,True
20220414_S2B,B02,113099,0.032655779272317886,0.04490094259381294,0.1527820625901225,0.010394657383414498,0.014292413926581517,0.048632040953986676,0.019332749910939664,0.026258478742724616,0.08069371340794827,0.0,0,1.3877787807814457e-17,True
20220414_S2B,B03,113099,0.017328757792711258,0.02851417288184166,0.17885418474674236,0.005515914920704397,0.00907634312464395,0.05693105519023023,0.01041963353870555,0.016951509623731303,0.09230324801078196,0.0,0,1.3877787807814457e-17,True
20220414_S2B,B04,113099,0.008857914246618748,0.016187196597456932,0.10598980978131299,0.0028195616756669915,0.0051525447065711594,0.03373760428813136,0.005372709442464609,0.009744593529041128,0.05843487450717938,0.0,0,1.3877787807814457e-17,True
20220414_S2B,B05,113099,0.011653986759483814,0.019232161343097687,0.10910532608628286,0.0037095791989986966,0.006121787088189724,0.034729303928570064,0.007048327765168323,0.01154167770981488,0.05997740211222932,0.0,0,1.3877787807814457e-17,True
20220414_S2B,B06,113099,0.009173879399895668,0.015309125185012817,0.030978782661259245,0.002920136507644612,0.004873045895214833,0.009860852783017817,0.005562543749255273,0.00922428892998787,0.018370946803813754,0.0,0,6.938893903907228e-18,True
20220414_S2B,B07,113099,0.009245410207659005,0.015062447637319565,0.03489793673157693,0.002942905470922395,0.0047945259930844975,0.011108358269077379,0.005605502846642193,0.009077950755046495,0.020613627347685258,0.0,0,1.3877787807814457e-17,True
20220414_S2B,B08,113099,0.0032669580541551113,0.008430490270256996,0.02303261127322917,0.0010399050463853318,0.002683508398399059,0.007331507872897072,0.001993041673894146,0.005115712882645419,0.013769032054445702,0.01591526008187517,0,6.938893903907228e-18,True
20220414_S2B,B8A,113099,0.004119169432669878,0.00922698900103569,0.018759680651128298,0.0013111723532848985,0.002937041818738759,0.005971391812904909,0.0025107230177919887,0.005594440269610536,0.011263560173435503,0.016799441197534903,0,1.3877787807814457e-17,True
20220708_S2A,B02,112978,0.04605033993721008,0.05567591264843941,0.1307453161478042,0.014658278464138213,0.01772219341830342,0.04161752670207129,0.026899918134583634,0.032214688498983596,0.07044865190531661,0.0,0,1.3877787807814457e-17,True
20220708_S2A,B03,112978,0.035122788399457934,0.0426492765545845,0.15186353519558904,0.011179930777888817,0.013575686365910805,0.04833966460357604,0.020741760237629286,0.024997642505888058,0.08027478647843495,0.0,0,1.3877787807814457e-17,True
20220708_S2A,B04,112978,0.0206222515553236,0.02633891999721527,0.10000641398131836,0.006564266545428556,0.00838393862651756,0.0318330302520425,0.012358377467362349,0.015692833549638106,0.05544702084358783,0.0,0,1.3877787807814457e-17,True
20220708_S2A,B05,112978,0.020003702491521835,0.025694813579320908,0.10460110321640967,0.006367376263330725,0.008178913185947358,0.033295565259514305,0.011995256036122795,0.015319066444669516,0.05774440366525813,0.0,0,1.3877787807814457e-17,True
20220708_S2A,B06,112978,0.016162604093551636,0.021424440667033195,0.043444469831883846,0.005144716669452091,0.006819611270274713,0.013828804247502076,0.009730033874529665,0.012828624378660565,0.02544356224008418,0.0,0,1.3877787807814457e-17,True
20220708_S2A,B07,112978,0.01480807363986969,0.0195093285292387,0.046509273760020724,0.004713556234908112,0.006210012143664152,0.01480436163704296,0.008926969275082566,0.01170470260882354,0.027155624557608185,0.0,0,6.938893903907228e-18,True
20220708_S2A,B08,112978,0.010594675475731492,0.01518157310783863,0.03562760975211857,0.0033723899448342893,0.004832444808047012,0.011340620405197375,0.006414643062660061,0.00914862959073836,0.021029224676800486,0.0,0,6.938893903907228e-18,True
20220708_S2A,B8A,112978,0.011396843008697033,0.015691496431827545,0.03024519329890603,0.0036277278009528833,0.004994758443268384,0.009627344036581527,0.006894630135650435,0.009450979483895056,0.017949190145052994,0.0008851280780328915,0,6.938893903907228e-18,True
20230419_S2B,B02,111730,0.049074456095695496,0.05912713706493378,0.16150911256670938,0.015620884534352265,0.01882075226951246,0.0514099472387543,0.028580600558157403,0.034095857320454066,0.08463979047312738,0.0,0,1.3877787807814457e-17,True
20230419_S2B,B03,111730,0.027518546506762505,0.03809891268610954,0.18669187650084476,0.008759425406510923,0.012127260560841707,0.0594258699604222,0.01637609349276035,0.02243228625792091,0.09569013749599951,0.0,0,2.0816681711721685e-17,True
20230419_S2B,B04,111730,0.014923782087862492,0.022723780944943428,0.12009591720998268,0.004750387377819204,0.007233204126250334,0.038227717738247534,0.0089956567794324,0.013588676322785207,0.06534796474873895,0.0,0,1.3877787807814457e-17,True
20230419_S2B,B05,111730,0.01789447695016861,0.0260048545897007,0.1278413639962673,0.0056959889213266356,0.008277602304673656,0.0406931700232324,0.010753577086735935,0.015499040361360442,0.06906765553545148,0.0,0,1.3877787807814457e-17,True
20230419_S2B,B06,111730,0.014027382247149944,0.02108566090464592,0.04555199071764941,0.004465054446546825,0.0067117743226678475,0.014499648980780074,0.008463104743563836,0.012630123851985888,0.026621986348926874,0.0,0,1.3877787807814457e-17,True
20230419_S2B,B07,111730,0.01361863873898983,0.02099033072590828,0.050137885995208985,0.004334947346986016,0.006681429784323989,0.015959384784630843,0.008219944617112434,0.012574242543512639,0.029169222860960138,0.0,0,1.3877787807814457e-17,True
20230419_S2B,B08,111730,0.005779290571808815,0.012160169426351786,0.03454622864723186,0.0018396053241355186,0.0038707021460776484,0.010996406108779583,0.003516553660984642,0.007350641351047397,0.020413088523878437,0.0008950147677436678,0,1.3877787807814457e-17,True
20230419_S2B,B8A,111730,0.006782175973057747,0.013602997176349163,0.02975686708465214,0.002158833662062451,0.004329968482962128,0.00947190497490181,0.004122507669047625,0.008210635452525827,0.017668094429321712,0.0008950147677436678,0,6.938893903907228e-18,True
20230723_S2A,B02,112748,0.054706962630152706,0.062107786536216736,0.1505694250762462,0.0174137670482648,0.019769522463470315,0.04792773655877873,0.0316842416220814,0.035710314416015035,0.07968338647289377,0.0,0,1.3877787807814457e-17,True
20230723_S2A,B03,112748,0.0364281190186739,0.04322820156812668,0.18679403901100158,0.011595430418723669,0.013759963921080365,0.059458389297402464,0.021484468458207867,0.02532235563682546,0.09573397946434915,0.0,0,2.7755575615628914e-17,True
20230723_S2A,B04,112748,0.006506811827421188,0.010892760008573532,0.12048999801278112,0.0020711825322057816,0.003467273198556388,0.03835315755373353,0.003956254842570909,0.006593098220903552,0.0655385055283447,0.0008869336928371234,0,1.3877787807814457e-17,True
20230723_S2A,B05,112748,0.006343377288430929,0.011265065521001816,0.12866893529891957,0.0020191597027012917,0.0035857817238430325,0.04095659415038862,0.003857535454730777,0.0068158337828534785,0.06946196248242265,0.0017738673856742468,0,1.3877787807814457e-17,True
20230723_S2A,B06,112748,0.002604087805375457,0.006918745581060648,0.03861779522150748,0.0008289068929416589,0.0022023051184420195,0.012292426001626982,0.00158974368995939,0.004204927331476693,0.022725995734546266,0.015964806471068224,0,6.938893903907228e-18,True
20230723_S2A,B07,112748,0.002116485019214451,0.006508910330012441,0.04486448988318442,0.0006736981055758501,0.0020718505063267592,0.014280810668410263,0.0012927260836014746,0.003957522183761282,0.026238111737132523,0.021286408628090964,0,1.3877787807814457e-17,True
20230723_S2A,B08,112748,-0.0023118007252924144,0.001814759336411953,0.030151172839105126,-0.0007358690257474332,0.0005776558378242602,0.009597416394723354,-0.0014185453729137296,0.0011087826859209212,0.017895090601273603,12.638805122929009,0,1.3877787807814457e-17,True
20230723_S2A,B8A,112748,-0.0004349458322394639,0.0038501520175486803,0.022360082212835544,-0.0001384475583562579,0.0012255414504962125,0.007117435224227884,-0.0002663658662552675,0.002347405419238728,0.013376132378681571,1.7437116401177848,0,1.3877787807814457e-17,True
20230817_S2B,B02,112106,0.07439738512039185,0.08689316362142563,0.1608965061604976,0.02368142319004357,0.027658953022485493,0.051214948563317576,0.04226875022142373,0.04877948270653017,0.08436479413963509,0.0,0,2.0816681711721685e-17,True
20230817_S2B,B03,112106,0.04888167250901461,0.05942751094698906,0.19070178270339966,0.015559519612817768,0.018916364245722062,0.06070226274736513,0.028473759572687104,0.03425898101474307,0.09740510608645032,0.0,0,1.3877787807814457e-17,True
20230817_S2B,B04,112106,0.019632132723927498,0.025626656599342823,0.14387977942824356,0.006249101932898435,0.008157218145407902,0.045798356213953124,0.011776904429425977,0.015279487226220849,0.07660417200328049,0.0,0,1.3877787807814457e-17,True
20230817_S2B,B05,112106,0.017713844869285823,0.024436332285404205,0.1617970235645771,0.0056384919442196944,0.007778326148516302,0.05150159215571663,0.010646992076525004,0.014587375067204677,0.08476892883584138,0.0,0,1.3877787807814457e-17,True
20230817_S2B,B06,112106,0.012838783301413059,0.018666980788111687,0.07599130496382711,0.004086711651411144,0.0059418845300588385,0.02418878363399354,0.007755444993782525,0.011208962531255064,0.04310796879322272,0.0,0,1.3877787807814457e-17,True
20230817_S2B,B07,112106,0.012952204793691635,0.018860097974538803,0.08385682180523868,0.004122814833709133,0.006003355639690588,0.02669245540455994,0.007823047640485047,0.011322691528491743,0.04721176697753859,0.0,0,1.3877787807814457e-17,True
20230817_S2B,B08,112106,0.007765022944658995,0.013006818480789661,0.06484719999134529,0.002471683569728928,0.004140198910233382,0.020641504848582633,0.004715136951197168,0.007855593437066988,0.037185833054492745,0.0,0,1.3877787807814457e-17,True
20230817_S2B,B8A,112106,0.008449358865618706,0.013446052558720112,0.04939256571233267,0.0026895144588410928,0.004280011459587466,0.015722141970218016,0.005127062755462212,0.00811721243040386,0.02875680828191427,0.0,0,6.938893903907228e-18,True
20230916_S2B,B02,112584,0.06802041828632355,0.0781484916806221,0.16374987632036206,0.021651571602893483,0.024875437492293734,0.05212320449414425,0.03888518909198877,0.044239654250948945,0.0856431077301725,0.0,0,1.3877787807814457e-17,True
20230916_S2B,B03,112584,0.04200841832906008,0.05098799988627434,0.18970347478985786,0.01337169485708418,0.01622998444053912,0.06038449146902926,0.024637754513510517,0.029638882349271027,0.09697926427406812,0.0,0,2.0816681711721685e-17,True
20230916_S2B,B04,112584,0.02019434090703726,0.026599006727337837,0.1263560493290424,0.006428058355675698,0.008466726803980789,0.04022037968056093,0.01210721980658574,0.01584362052464425,0.06835845150837869,0.0,0,1.3877787807814457e-17,True
20230916_S2B,B05,112584,0.02064102701842785,0.027228718623518944,0.12982910692691801,0.006570242960952317,0.008667170325982777,0.04132588824925046,0.012369392513451205,0.016208371365236517,0.07001373567983776,0.0,0,1.3877787807814457e-17,True
20230916_S2B,B06,112584,0.016415132209658623,0.022045491263270378,0.050808739699423316,0.005225098865348313,0.007017297814877346,0.01617292415086528,0.009879504814186797,0.013192159959499841,0.029539912776860577,0.0,0,6.938893903907228e-18,True
20230916_S2B,B07,112584,0.016947652734816073,0.022418662905693054,0.05565806239843367,0.005394605413101714,0.007136082037903926,0.017716511507255738,0.010194449722628646,0.01341037730475719,0.03220492560160738,0.0,0,6.938893903907228e-18,True
20230916_S2B,B08,112584,0.009686311706900597,0.014854224398732185,0.040959486700594426,0.0030832487769642484,0.004728246477708928,0.013037809549812698,0.0058701542860101225,0.008954367502845536,0.024047710484109988,0.0,0,1.3877787807814457e-17,True
20230916_S2B,B8A,112584,0.011395396431908011,0.016332334838807583,0.0344043919071555,0.0036272673412598134,0.005198743643656401,0.010951258072189198,0.006893765270950459,0.00983050571005183,0.02033217527588357,0.0017764513607617422,0,6.938893903907228e-18,True
20231220_S2A,B02,112948,0.028520598746836184,0.0350984837859869,0.13724881961941718,0.00907838854099899,0.011172194379141114,0.043687656151916304,0.016955219651805433,0.020727912916196443,0.07351494864324042,0.0,0,1.3877787807814457e-17,True
20231220_S2A,B03,112948,0.013784318771213293,0.01921212114393711,0.1678208015859127,0.004387684939185993,0.00611540809467582,0.05341902025208439,0.008318531683978845,0.011529886840421204,0.08745569995731951,0.0,0,2.0816681711721685e-17,True
20231220_S2A,B04,112948,0.00451091630384326,0.007687749341130257,0.10463543765246867,0.0014358692552609539,0.002447086617784684,0.03330649424994843,0.0027483855908258777,0.0046685866857312085,0.057761496577539914,0.0017707263519495696,0,1.3877787807814457e-17,True
20231220_S2A,B05,112948,0.003918637074530124,0.006977052660658956,0.10431720823049542,0.0012473409211892666,0.002220864838312666,0.03320519867885979,0.002388990606581991,0.004240108528483645,0.057603028151489204,0.013280447639621773,0,1.3877787807814457e-17,True
20231220_S2A,B06,112948,0.0021532337041571736,0.004983901744708419,0.02326384140178559,0.0006853955752973719,0.0015864251971093326,0.007405110708800129,0.0013151215996108176,0.0030350765956342427,0.013903995418124393,0.10270212841307505,0,6.938893903907228e-18,True
20231220_S2A,B07,112948,0.0017450671875849366,0.004527839832007885,0.028599039837718006,0.0005554721378632289,0.0014412561815848638,0.009103357115709714,0.0010662793220969251,0.0027586483065633726,0.017000504401073226,0.09119240712540284,0,6.938893903907228e-18,True
20231220_S2A,B08,112948,8.071134965575766e-05,0.0034964384976774454,0.020449302587658164,2.5691220522664354e-05,0.0011129509402443317,0.006509215179215366,4.9402044006988584e-05,0.002132531069354762,0.012256893257472316,0.860573007047491,0,6.938893903907228e-18,True
20231220_S2A,B8A,112948,0.0006499713950324803,0.003507217741571367,0.01313441477715967,0.00020689232077550847,0.0011163820801413532,0.004180814072808393,0.0003976009188361823,0.002139081586809144,0.007931617303924795,0.4178914190600984,0,6.938893903907228e-18,True
20240413_S2B,B02,112345,0.02649987190961838,0.03721780702471733,0.16770996868610377,0.008435171211435657,0.01184679591804806,0.05338374104436079,0.01578615583650495,0.02193284281982056,0.08740652435804039,0.0,0,2.7755575615628914e-17,True
20240413_S2B,B03,112345,0.008324112147092819,0.018572179600596428,0.20443909943103777,0.002649647190122225,0.005911708374850768,0.0650749864714103,0.005051715843646063,0.011153116579386708,0.10319085146407311,0.0,0,2.7755575615628914e-17,True
20240413_S2B,B04,112345,0.001213129828684032,0.007334901951253414,0.143529622554779,0.0003861512176945757,0.0023347718052727385,0.04568689781941414,0.000741662208258365,0.004455934045527174,0.07644196897440213,0.08990164226267301,0,2.0816681711721685e-17,True
20240413_S2B,B05,112345,0.0029852121323347093,0.010090875439345837,0.16533210456371306,0.0009502225340779324,0.003212025412592982,0.052626843386202084,0.0018216919468103305,0.006112782520837289,0.08634915648397516,0.0026703458097823668,0,1.3877787807814457e-17,True
20240413_S2B,B06,112345,0.0011822689510881902,0.007368167396634817,0.07424992531538005,0.0003763278952595114,0.002345360525405946,0.023634485276293582,0.0007228182053879715,0.004475988946476296,0.042190980147946464,0.12906671413948106,0,1.3877787807814457e-17,True
20240413_S2B,B07,112345,0.0021911626681685448,0.008435139432549477,0.08576365202665323,0.0006974687395149006,0.002684988272719229,0.02729941831531022,0.0013382346133455647,0.005118509496475201,0.04819735869883047,0.012461613778984377,0,2.7755575615628914e-17,True
20240413_S2B,B08,112345,-0.004110325109213591,0.0014839194482192397,0.06007769688963887,-0.001308357117692155,0.0004723462306685797,0.019123324859125223,-0.002526879656472989,0.0009069576039597086,0.034611747987850064,23.961012951177178,0,1.3877787807814457e-17,True
20240413_S2B,B8A,112345,-0.0017527130851522088,0.0036904849112033844,0.04771352156996718,-0.0005579059026476402,0.0011747178320481461,0.015187685620364093,-0.0010748564222448564,0.002250430148701666,0.027825494670669054,6.427522364146157,0,1.3877787807814457e-17,True
20240528_S2A,B02,112190,0.0407269224524498,0.05467848852276802,0.14825149148702624,0.012963782050455364,0.017404703458383994,0.04718991538181253,0.02391672129733303,0.03166863830520762,0.07862065712024131,0.0,0,1.3877787807814457e-17,True
20240528_S2A,B03,112190,0.028196923434734344,0.04040692374110222,0.17936252638697625,0.00897535948924335,0.012861923297067358,0.057092865359875566,0.016768283006989754,0.02373638618035602,0.09252432878740982,0.0,0,1.3877787807814457e-17,True
20240528_S2A,B04,112190,0.016655871644616127,0.02444191835820675,0.12920341670513155,0.005301728607489586,0.007780104250714294,0.04112672486596731,0.010021926157784045,0.014590626985317124,0.06971630601637838,0.0,0,1.3877787807814457e-17,True
20240528_S2A,B05,112190,0.018592791631817818,0.026925258338451385,0.15111201390624046,0.005918269388162865,0.008570575917181621,0.0481004479474988,0.011165259736192222,0.016032654756005942,0.07993151383021631,0.0,0,1.3877787807814457e-17,True
20240528_S2A,B06,112190,0.01520874910056591,0.022366724908351898,0.07604188218712807,0.004841095195198964,0.007119549659881649,0.02420488286418596,0.009164751077136423,0.01338001575505924,0.04313455609362278,0.0,0,1.3877787807814457e-17,True
20240528_S2A,B07,112190,0.013382898643612862,0.020592298358678818,0.08445164680480957,0.0042599089440576166,0.006554732146813715,0.026881794082472626,0.008079610870799,0.012340803881067742,0.04751960266000611,0.0,0,1.3877787807814457e-17,True
20240528_S2A,B08,112190,0.0075181168504059315,0.01350217591971159,0.06331234209239484,0.002393090918969151,0.004297876080236915,0.020152944405459422,0.004566372601538499,0.008150623939235112,0.03636009128754799,0.0,0,1.3877787807814457e-17,True
20240528_S2A,B8A,112190,0.009333326481282711,0.015663759782910347,0.05361141197383404,0.002970890089973259,0.0049859295937084306,0.017065042443543427,0.005658293850877158,0.00943454165567964,0.031083267442082924,0.0008913450396648543,0,6.938893903907228e-18,True
20240727_S2A,B02,112626,0.05131891369819641,0.05847977101802826,0.1435815654695034,0.016335317578348676,0.018614689256802715,0.04570343176268812,0.029821487830608704,0.033743966156718756,0.07646603698934554,0.0,0,1.3877787807814457e-17,True
20240727_S2A,B03,112626,0.034192636609077454,0.04147543013095856,0.17272987216711044,0.01088385426735916,0.013202039444409182,0.05498162595005364,0.020211332744464246,0.02433809280821982,0.08962416532483738,0.0,0,1.3877787807814457e-17,True
20240727_S2A,B04,112626,0.013438173569738865,0.017523642629384995,0.11411872878670692,0.004277503499501603,0.0055779486908849605,0.03632511957153556,0.008112521581592362,0.010534717495496386,0.062440826361730845,0.0,0,1.3877787807814457e-17,True
20240727_S2A,B05,112626,0.014079120010137558,0.01840541511774063,0.12287833169102669,0.004481523087994816,0.0058586255912934405,0.03911338777502479,0.008493868827420752,0.011054851896734906,0.06669031656411234,0.0,0,1.3877787807814457e-17,True
20240727_S2A,B06,112626,0.009863275103271008,0.013814711011946201,0.04332087468355894,0.0031395779755216107,0.004397359089874555,0.013789462689905906,0.0059763090870533706,0.008336612795729316,0.025374300263572784,0.0008878944471081278,0,6.938893903907228e-18,True
20240727_S2A,B07,112626,0.00863282848149538,0.012776227667927742,0.0476915342733264,0.002747914651388981,0.004066799574836277,0.015180686846472878,0.005237400711792424,0.007718153202234519,0.02781327858031911,0.0008878944471081278,0,1.3877787807814457e-17,True
20240727_S2A,B08,112626,0.003915657172910869,0.007870270870625973,0.03514539543539286,0.0012463923890440023,0.0025051850250645564,0.011187126820924216,0.0023871812869788542,0.004778527238016816,0.02075463976930652,0.0053273666826487666,0,1.3877787807814457e-17,True
20240727_S2A,B8A,112626,0.005807651672512293,0.009780706837773323,0.02757743326947093,0.0018486329428724895,0.0031132956803286496,0.008778169645246374,0.0035337070125973117,0.005926783785996224,0.01641015898123564,0.008878944471081278,0,6.938893903907228e-18,True
20240811_S2B,B02,112670,0.04909810423851013,0.06436454504728317,0.1645316630601883,0.01562841197200005,0.020487871008272176,0.052372054942318336,0.028593703590061165,0.036926434901310354,0.08599221800100987,0.0,0,1.3877787807814457e-17,True
20240811_S2B,B03,112670,0.025755569338798523,0.038163600489497185,0.19228398635983462,0.008198252344831687,0.012147851328175507,0.06120589381316452,0.015354343114950667,0.02246891899866909,0.09807850633307809,0.0,0,2.0816681711721685e-17,True
20240811_S2B,B04,112670,0.009011958725750446,0.015529324300587177,0.1248376405984163,0.0028685955562866437,0.0049431374506310796,0.039737055170334865,0.00546527600633659,0.009354856670444325,0.06763144020113397,0.0,0,1.3877787807814457e-17,True
20240811_S2B,B05,112670,0.013237402299419046,0.019782453775405884,0.1328493370115757,0.0042135960192971255,0.006296950609685548,0.042287257343746706,0.007992964439084994,0.011865259969814922,0.07144465376887618,0.0,0,1.3877787807814457e-17,True
20240811_S2B,B06,112670,0.0082766804844141,0.014250656589865685,0.045872708745300736,0.002634549222973454,0.004536124877164433,0.014601736699658857,0.00502317644891512,0.0085958438106726,0.026800883889888872,0.0,0,1.3877787807814457e-17,True
20240811_S2B,B07,112670,0.008799220435321331,0.01474516000598669,0.05141252584755416,0.002800878855273218,0.004693530203267406,0.01636511525095616,0.005337432122992596,0.008889615290202721,0.02987312335504581,0.0,0,1.3877787807814457e-17,True
20240811_S2B,B08,112670,-0.005611015562899411,0.0016566215199418366,0.032735621221363524,-0.0017860417252019895,0.0005273190074623043,0.010420071865127905,-0.003454868545949556,0.0010123298310873883,0.019378460466676645,29.68580811218603,0,6.938893903907228e-18,True
20240811_S2B,B8A,112670,0.003062119474634528,0.008762119337916374,0.028304179795086377,0.0009747029014520855,0.0027890692091809524,0.009009500249099493,0.0018684747083248952,0.0053151306821590414,0.016830241795438773,0.019526049525161977,0,6.938893903907228e-18,True
20240925_S2A,B02,112874,0.06840038679540157,0.08077085390686989,0.1454507876932621,0.021772519335771533,0.02571016131406334,0.04629842367598496,0.03908797151673705,0.04560906429460759,0.0773306457261309,0.0,0,1.3877787807814457e-17,True
20240925_S2A,B03,112874,0.05414855901151896,0.06245625019073486,0.16269347533583658,0.017236021655972874,0.01988044188967917,0.0517869416169955,0.03137808637734355,0.035898444413322975,0.08517059542500682,0.0,0,1.3877787807814457e-17,True
20240925_S2A,B04,112874,0.033530134856700894,0.0389171727001667,0.10151840128004556,0.010672973409963616,0.012387720812784988,0.03231431075701169,0.019832930076480126,0.02289531814853886,0.056205220594528746,0.0,0,1.3877787807814457e-17,True
20240925_S2A,B05,112874,0.035089195184409616,0.04015622287988663,0.10265667140483863,0.011169237725430242,0.012782122734467643,0.032676633390880984,0.020722620645596768,0.023595023292801942,0.05677459415148374,0.0,0,1.3877787807814457e-17,True
20240925_S2A,B06,112874,0.028046021554619074,0.03313056379556656,0.04255203112959862,0.008927325928958937,0.010545785990971607,0.013544732185751656,0.016681088752743753,0.019604462311839925,0.024943061787748248,0.0,0,6.938893903907228e-18,True
20240925_S2A,B07,112874,0.02562527682632208,0.03009864781051874,0.04229127321392303,0.00815677895001471,0.009580697158852222,0.013461730363291435,0.015278685926239306,0.01786486312518213,0.024796654543412715,0.0,0,6.938893903907228e-18,True
20240925_S2A,B08,112874,0.01676843799650669,0.02173635456711054,0.030195348393172075,0.005337559590147996,0.006918896548307474,0.00961147791031051,0.010088496297823187,0.013011262431674024,0.017920510569124925,0.005315661711288694,0,6.938893903907228e-18,True
20240925_S2A,B8A,112874,0.016683325171470642,0.023442966863512993,0.029548350479453808,0.00531046733649799,0.007462128114135198,0.009405532078033699,0.010038163196694934,0.01400850307360704,0.017547981356390154,0.010631323422577388,0,6.938893903907228e-18,True
20241025_S2A,B02,112885,0.02690432034432888,0.03469887748360634,0.15070829093456278,0.00856391114665557,0.011044995742512031,0.04797193893433429,0.016020526771923164,0.02050014410592617,0.0797469134731925,0.0,0,1.3877787807814457e-17,True
20241025_S2A,B03,112885,0.013095462694764137,0.02150711975991726,0.17807831406593336,0.00416841523989445,0.006845928842920419,0.05668408788212857,0.007908411190298392,0.012877047587285277,0.0919654367626355,0.0,0,2.0816681711721685e-17,True
20241025_S2A,B04,112885,0.005405748263001442,0.010650645941495895,0.09876013934612275,0.0017207031143342132,0.0033902058974214105,0.03143632871475965,0.0032905339612974366,0.0064481594185981815,0.054820438572290554,0.0,0,1.3877787807814457e-17,True
20241025_S2A,B05,112885,0.006765969563275576,0.01242817286401987,0.09427679270505905,0.0021536750016092404,0.003956010289818641,0.03000923515572018,0.0041127255680648575,0.0075105769734169405,0.05255413321912729,0.0017717145767816803,0,1.3877787807814457e-17,True
20241025_S2A,B06,112885,0.004557323306798935,0.009577819146215916,0.02159320615231992,0.0014506410630899056,0.0030487145223209193,0.006873330992688083,0.0027765267284239796,0.005805053853737412,0.012927457710297071,0.016831288479425964,0,6.938893903907228e-18,True
20241025_S2A,B07,112885,0.003591366298496723,0.008684728294610977,0.023966392502188683,0.0011431673977187937,0.002764434874994767,0.007628739669607734,0.0021902134049210428,0.005268605493247993,0.014313668731555132,0.010630287460690084,0,6.938893903907228e-18,True
20241025_S2A,B08,112885,0.0007272948767058551,0.005185530986636877,0.01716727405786515,0.0002315051494262948,0.0016506057781589042,0.005464513051444998,0.00044486551674505773,0.003157204936442947,0.010324238953596323,0.2613279000752979,0,6.938893903907228e-18,True
20241025_S2A,B8A,112885,0.0013333602203056212,0.0062419879250228405,0.014129522107541564,0.00042442173996747637,0.0019868864659746163,0.00449756657388291,0.0008150647232584433,0.003796276454710347,0.008523835564167487,0.1080745891836825,0,6.938893903907228e-18,True
20250528_S2B,B02,111967,0.026991603896021843,0.033220723271369934,0.14846151113510106,0.008591694364060674,0.01057448464345297,0.047256766712087596,0.016071080919140748,0.01965602997192507,0.07871712974933619,0.0,0,2.7755575615628914e-17,True
20250528_S2B,B03,111967,0.011444670930504799,0.022138696163892746,0.1864850252866742,0.0036429519012999203,0.007046965856186223,0.059360027173982595,0.006923223559294956,0.013246678352100943,0.09560134512396437,0.0,0,2.0816681711721685e-17,True
20250528_S2B,B04,111967,0.0025214243214577436,0.007013976573944092,0.14123662203550325,0.0008025942887842561,0.002232618084947918,0.044957013085104094,0.0015394113463486894,0.004262385405934606,0.07537723617092958,0.001786240588744898,0,1.3877787807814457e-17,True
20250528_S2B,B05,111967,0.003298018826171756,0.008271568454802036,0.17398821502923964,0.0010497919971907306,0.0026329220134094695,0.05538216892327817,0.002011925809705732,0.005020100399160884,0.09017698792376382,0.002679360883117347,0,1.3877787807814457e-17,True
20250528_S2B,B06,111967,0.0009962601074948907,0.005272483453154564,0.08693837031722061,0.00031711944142614974,0.0016782836078795488,0.027673342760678735,0.0006092134857239852,0.003209856965998279,0.04880275500359909,0.11789187885716326,0,1.3877787807814457e-17,True
20250528_S2B,B07,111967,0.0017732706619426608,0.00595665629953146,0.0999393285810947,0.0005644495825760235,0.0018960625887398188,0.031811676305932714,0.0010834806024626572,0.00362381141196181,0.05541333024117247,0.01786240588744898,0,1.3877787807814457e-17,True
20250528_S2B,B08,111967,-0.0023593260953202843,0.0015837156679481268,0.0746778708696365,-0.000750996820871847,0.0005041123540120543,0.023770704576961812,-0.0014477792168876608,0.0009678517572403907,0.04241661672617696,15.08390865165629,0,1.3877787807814457e-17,True
20250528_S2B,B8A,111967,-0.0010025363182649017,0.0025981247890740633,0.05893150761723485,-0.0003191172213620174,0.0008270088059014502,0.018758481482281215,-0.0006143278726701122,0.0015861132030866624,0.03398956426868755,5.560566952762867,0,2.7755575615628914e-17,True
20250612_S2C,B02,112698,0.01972278580069542,0.029843250289559364,0.15029362693428988,0.006277957703446642,0.009499401603024019,0.04783994728360291,0.011830191636211114,0.017717839460853604,0.07955717080061449,0.0,0,1.3877787807814457e-17,True
20250612_S2C,B03,112698,0.009165084920823574,0.01832432486116886,0.18876852333545682,0.002917337138012128,0.005832813760953466,0.060086887177991495,0.005557261631249782,0.011007057996271944,0.0965797774125563,0.0,0,2.0816681711721685e-17,True
20250612_S2C,B04,112698,0.0026410344312898814,0.007573987822979689,0.12532120153307913,0.0008406673692313546,0.0024108752018900813,0.03989097739641031,0.0016122370492211724,0.0046000422779531236,0.06786318886050335,0.0008873271930291576,0,1.3877787807814457e-17,True
20250612_S2C,B05,112698,0.005259933415800333,0.011008888483047485,0.1386704419553279,0.0016742888069177213,0.0035042380400488893,0.04414017259585638,0.0032022581699984796,0.006662591573891104,0.07418038982500885,0.0,0,1.3877787807814457e-17,True
20250612_S2C,B06,112698,0.004295385908335447,0.009307296015322208,0.055473502874374386,0.0013672637995977145,0.0029626043353160607,0.017657764386158296,0.0026176528121476437,0.00564266435789238,0.03210396383856047,0.0017746543860583152,0,1.3877787807814457e-17,True
20250612_S2C,B07,112698,0.002864954061806202,0.007854729890823364,0.06331464506685731,0.0009119432013353209,0.002500238177552404,0.020153677464998455,0.0017485239588903108,0.0047691678521842055,0.03636133212933625,0.0026619815790874727,0,1.3877787807814457e-17,True
20250612_S2C,B08,112698,-0.001906924060313031,0.0029161712154746056,0.04176093060523271,-0.0006069927805993729,0.0009282461276901682,0.013292917067880805,-0.0011696147918957194,0.0017796879755540384,0.024498649224169194,7.749028376723634,0,1.3877787807814457e-17,True
20250612_S2C,B8A,112698,0.0006389039498753846,0.005083248019218445,0.03518351573497056,0.00020336944356720799,0.0016180480984414026,0.011199260889144087,0.0003908352323426193,0.00309525774882014,0.020776356102843636,0.26886013948783477,0,1.3877787807814457e-17,True
20250724_S2A,B02,112374,0.021777328029274942,0.03164209425449371,0.15684275656938573,0.006931938806385581,0.01007199142076467,0.04992459999235316,0.01303524541604832,0.018751762529832124,0.0825374868425421,0.0,0,1.3877787807814457e-17,True
20250724_S2A,B03,112374,0.010998389534652233,0.02077128365635872,0.19772401317954064,0.0035008961209801468,0.006611704936546775,0.06293750813098191,0.006656309496137672,0.012445798887768048,0.10037979922971922,0.0017797711214337835,0,2.7755575615628914e-17,True
20250724_S2A,B04,112374,0.0034420345909893513,0.00975603424012661,0.1407261268794538,0.001095633638898491,0.003105442148579866,0.04479451743008462,0.0020994677273203327,0.005911983271392894,0.07513958956334044,0.002669656682150675,0,1.3877787807814457e-17,True
20250724_S2A,B05,112374,0.004183303099125624,0.011113305576145649,0.15987656757235535,0.0013315867333549762,0.0035374750330686077,0.05089029202741155,0.002549644441811626,0.006725062450374541,0.08390628124430678,0.002669656682150675,0,2.0816681711721685e-17,True
20250724_S2A,B06,112374,0.0026433435268700123,0.00843364093452692,0.06666328936815273,0.0008414023771826535,0.002684511285984222,0.021219584051413796,0.0016136427851817594,0.005117608106846342,0.03815968916594471,0.012458397850036485,0,1.3877787807814457e-17,True
20250724_S2A,B07,112374,0.0017705234920140356,0.007727689575403929,0.0757920139282942,0.0005635751312287153,0.0024597999892104904,0.024125347327155603,0.0010818051491086086,0.004692647944410271,0.04300318074074493,0.047163934717995265,0,1.3877787807814457e-17,True
20250724_S2A,B08,112374,-0.0011664758820552378,0.0039445157162845135,0.054957152567803966,-0.00037130080525313964,0.001255578348700697,0.0174934049788429,-0.0007149078140332673,0.002404702981927151,0.03182130369321111,4.719063128481677,0,1.3877787807814457e-17,True
20250724_S2A,B8A,112374,0.0003108947083819658,0.005470568779855967,0.04288473378866915,9.896085924020632e-05,0.0017413361256765514,0.013650634731293439,0.00019024779415047032,0.003329767519374703,0.02512975324042692,0.6131311513339385,0,1.3877787807814457e-17,True
20250826_S2B,B02,112870,0.04262073338031769,0.04930579289793968,0.1455378337204456,0.013566600791358612,0.015694521325544736,0.04632613128699049,0.024981623240385515,0.02870875397684928,0.07737083766791397,0.0,0,1.3877787807814457e-17,True
20250826_S2B,B03,112870,0.0315813310444355,0.03690101578831673,0.1745321832597255,0.01005264989028688,0.01174595813564536,0.055555319388811725,0.01871689876676665,0.021753058205645305,0.09041558786759085,0.0,0,1.3877787807814457e-17,True
20250826_S2B,B04,112870,0.01717306300997734,0.02068823203444481,0.10878956861793992,0.005466355732132953,0.0065852687842279795,0.03462879520476014,0.01032765925236858,0.012397084532292083,0.05982147615580835,0.0,0,1.3877787807814457e-17,True
20250826_S2B,B05,112870,0.01569787599146366,0.019330855458974838,0.10966480888426303,0.0049967891201700585,0.00615320240098159,0.034907392834316917,0.009454760130440262,0.011599738434095671,0.060253457575750624,0.0,0,1.3877787807814457e-17,True
20250826_S2B,B06,112870,0.012222180142998695,0.015349396504461765,0.0332376267015934,0.0038904407702357014,0.0048858646543250995,0.010579865172403516,0.0073876551368770955,0.009248172333043439,0.019665697025399415,0.0,0,6.938893903907228e-18,True
20250826_S2B,B07,112870,0.012021563947200775,0.015291746705770493,0.03713073953986168,0.0038265826517846404,0.0048675141534651615,0.011819081476853347,0.007267891600636083,0.009213981799752026,0.02188344185940732,0.0,0,6.938893903907228e-18,True
20250826_S2B,B08,112870,0.00855688564479351,0.011334995739161968,0.02841477690264582,0.0027237412956819347,0.0036080412036263985,0.009044704401818995,0.005191734032757429,0.006857651218766927,0.01689411636641071,0.002657925046513688,0,1.3877787807814457e-17,True
20250826_S2B,B8A,112870,0.008197765797376633,0.011198075488209724,0.022397097628563643,0.002609429897924328,0.003564458134129534,0.007129217596995341,0.004975687680749289,0.006775768900683451,0.013397771215883534,0.002657925046513688,0,6.938893903907228e-18,True
20250915_S2B,B02,113116,0.04386711772531271,0.05283408239483833,0.15776732712984085,0.013963337250355236,0.01681761075372601,0.050218899942220514,0.025680282855798407,0.03065606854987816,0.08295542107359415,0.0,0,1.3877787807814457e-17,True
20250915_S2B,B03,113116,0.025324246287345885,0.03396811708807945,0.18343910574913025,0.008060957953415352,0.010812387484184246,0.05839048087266199,0.015103809535106672,0.020083149860116094,0.09429015425112477,0.0,0,2.0816681711721685e-17,True
20250915_S2B,B04,113116,0.012462379410862923,0.017288120463490486,0.10072985477745544,0.003966898571850994,0.0055029796570653195,0.032063308609521605,0.007530983976088558,0.010395630488073683,0.055810066259051765,0.0,0,1.3877787807814457e-17,True
20250915_S2B,B05,113116,0.013398778764531017,0.018145851790905,0.0927984599024059,0.00426496374353966,0.005776004018270904,0.029538667209565887,0.008089066282749973,0.010901839615853441,0.0518026168107883,0.0,0,1.3877787807814457e-17,True
20250915_S2B,B06,113116,0.009984852746129036,0.014129322953522205,0.02414826499298219,0.0031782773411822432,0.004497503181189674,0.007686631481452178,0.006049217284225884,0.008523717162685799,0.01441962743069381,0.002652144701014887,0,6.938893903907228e-18,True
20250915_S2B,B07,113116,0.010312090627849102,0.01446313876658678,0.02696093684062362,0.003282440394067582,0.004603760054652609,0.008581932737147274,0.006245366006258894,0.008722110382540785,0.01605331974927733,0.004420241168358146,0,6.938893903907228e-18,True
20250915_S2B,B08,113116,0.005222220905125141,0.008930063806474209,0.018600377999246125,0.0016622845419369961,0.002842527593852794,0.005920684203915518,0.0031794228130126853,0.005416068352864112,0.011169728960768385,0.021217157608119097,0,1.3877787807814457e-17,True
20250915_S2B,B8A,113116,0.006042809691280127,0.009748086333274841,0.016974270995706323,0.0019234860650616844,0.00310291225125448,0.005403078268696099,0.0036758964510410887,0.0059072153476354234,0.010210183374660476,0.02033310937444747,0,6.938893903907228e-18,True
20260709_S2A,B02,112491,0.05913711339235306,0.06872054934501648,0.14086532741785054,0.018823927833157825,0.021874430240499766,0.04483882633761842,0.0341012766952988,0.03925872038792849,0.07520441238062554,0.0,0,1.3877787807814457e-17,True
20260709_S2A,B03,112491,0.0415775403380394,0.05045671761035919,0.1639782398939133,0.013234542132803288,0.0160608720397611,0.05219589487724987,0.02439552685606683,0.029345459245660975,0.08574513465067725,0.0,0,1.3877787807814457e-17,True
20260709_S2A,B04,112491,0.02018827013671398,0.027179095894098282,0.11383669003844268,0.006426125969465048,0.008651374920628757,0.03623534384967615,0.012103655055637751,0.016179645043325957,0.062302851751198776,0.0,0,1.3877787807814457e-17,True
20260709_S2A,B05,112491,0.019091811031103134,0.026153819635510445,0.12036792188882829,0.006077112196352878,0.00832501935145072,0.038314299516612346,0.011459090938726973,0.015585472011697373,0.06547949575907111,0.0,0,1.3877787807814457e-17,True
20260709_S2A,B06,112491,0.014661733992397785,0.02114151045680046,0.05043869093060503,0.004666974878377154,0.006729551787257575,0.016055133969380284,0.008840074971332781,0.01266285709207459,0.029335497828161174,0.0,0,1.3877787807814457e-17,True
20260709_S2A,B07,112491,0.013263104483485222,0.019388355314731598,0.054751362651586546,0.004221777278581905,0.006171505173523108,0.01742790001403396,0.008008272567688606,0.01163355961316646,0.031708570318498275,0.0,0,1.3877787807814457e-17,True
20260709_S2A,B08,112491,0.009679686278104782,0.0150923952460289,0.042911043018102696,0.0030811398374783337,0.004804058613004243,0.013659009219120015,0.005866179146981347,0.009095720720589524,0.025144511026340844,0.0,0,1.3877787807814457e-17,True
20260709_S2A,B8A,112491,0.01057035755366087,0.015877598896622658,0.034699987247586266,0.0033646493098277636,0.005053996697655838,0.011045348991358174,0.006400079748429786,0.009561246979867143,0.020500776905235402,0.0,0,6.938893903907228e-18,True
20260808_S2A,B02,112403,0.08226396888494492,0.08743856847286224,0.15177642375230788,0.026185434572793716,0.02783256077867037,0.0483119361699799,0.04638570010913118,0.04906012258544969,0.0802350203150016,0.0,0,1.3877787807814457e-17,True
20260808_S2A,B03,112403,0.05987177789211273,0.06452037394046783,0.16950661122798916,0.019057778806459598,0.02053747288552593,0.053955630127381284,0.034500072555375814,0.03701021031015539,0.08820248959371808,0.0,0,1.3877787807814457e-17,True
20260808_S2A,B04,112403,0.03505624830722809,0.03836469724774361,0.11801206454634655,0.011158750408704477,0.012211862414404855,0.03756440683406173,0.020703848047758686,0.022582769922526467,0.064338093958672,0.0,0,1.3877787807814457e-17,True
20260808_S2A,B05,112403,0.0331563837826252,0.03681262582540512,0.12227501049637791,0.010554004748113511,0.011717822736611178,0.03892134467422387,0.019619231280690843,0.021702874972216207,0.06639983500790245,0.0,0,1.3877787807814457e-17,True
20260808_S2A,B06,112403,0.027016993016004562,0.030418604612350464,0.054446954876184436,0.00859977597195268,0.009682542572027006,0.017331004009692258,0.01608578447901263,0.01804894447590618,0.031541729392133844,0.0,0,6.938893903907228e-18,True
20260808_S2A,B07,112403,0.024295013397932053,0.027596259489655495,0.05631268642842759,0.007733342949529421,0.008784162217250594,0.01792488480773628,0.01450509436879203,0.016421048940780964,0.03256273688632585,0.0,0,6.938893903907228e-18,True
20260808_S2A,B08,112403,0.019541572518646716,0.02292012982070446,0.04579631172120568,0.006220275724262728,0.007295703914546143,0.01457741877161438,0.011723661975548664,0.01370335642623073,0.0267582797445691,0.0,0,6.938893903907228e-18,True
20260808_S2A,B8A,112403,0.019764374345541,0.022955231368541718,0.03811595447361466,0.006291195748422989,0.007306877084243096,0.01213268513028283,0.011854634695857192,0.013723853117115102,0.022441937491659122,0.0,0,6.938893903907228e-18,True
