scene,native_B01,output_grid,retained_product,factor_B11,factor_B12,valid_pixels,negative_percent
20200728_S2A,H:\Sentinel-2\Tidung\L2A\S2A_MSIL2A_20200728T025551_N0500_R032_T48MXU_20230414T083054.SAFE\GRANULE\L2A_T48MXU_A026627_20200728T031928\IMG_DATA\R60m\T48MXU_20200728T025551_B01_60m.jp2,20 m aligned to final B02,RETAIN_CYCLE0,0.479539204486479,0.4921481499248428,112244,0.0
20210424_S2A,H:\Sentinel-2\Tidung\L2A\S2A_MSIL2A_20210424T025541_N0500_R032_T48MXU_20230520T151954.SAFE\GRANULE\L2A_T48MXU_A030488_20210424T030944\IMG_DATA\R60m\T48MXU_20210424T025541_B01_60m.jp2,20 m aligned to final B02,RETAIN_CYCLE0,0.5695806829174831,0.6096290165698404,112982,0.0
20210608_S2B,H:\Sentinel-2\Tidung\L2A\S2B_MSIL2A_20210608T025549_N0500_R032_T48MXU_20230314T064926.SAFE\GRANULE\L2A_T48MXU_A022223_20210608T031000\IMG_DATA\R60m\T48MXU_20210608T025549_B01_60m.jp2,20 m aligned to final B02,RETAIN_CYCLE0,0.5233850658851686,0.5488908194440244,112636,0.0
20210718_S2B,H:\Sentinel-2\Tidung\L2A\S2B_MSIL2A_20210718T025549_N0500_R032_T48MXU_20230128T143559.SAFE\GRANULE\L2A_T48MXU_A022795_20210718T031236\IMG_DATA\R60m\T48MXU_20210718T025549_B01_60m.jp2,20 m aligned to final B02,RETAIN_CYCLE0,0.5400877644988585,0.5709658738140968,112866,0.0
20210812_S2A,H:\Sentinel-2\Tidung\L2A\S2A_MSIL2A_20210812T025551_N0500_R032_T48MXU_20230129T233447.SAFE\GRANULE\L2A_T48MXU_A032061_20210812T030951\IMG_DATA\R60m\T48MXU_20210812T025551_B01_60m.jp2,20 m aligned to final B02,RETAIN_CYCLE0,0.5736328363608778,0.6163277121800663,112842,0.0
20220414_S2B,H:\Sentinel-2\Tidung\L2A\S2B_MSIL2A_20220414T025539_N0510_R032_T48MXU_20240606T110746.SAFE\GRANULE\L2A_T48MXU_A026656_20220414T031404\IMG_DATA\R60m\T48MXU_20220414T025539_B01_60m.jp2,20 m aligned to final B02,RETAIN_CYCLE0,0.5176855134035163,0.5376667295948411,113099,0.0
20220708_S2A,H:\Sentinel-2\Tidung\L2A\S2A_MSIL2A_20220708T025541_N0510_R032_T48MXU_20240616T123811.SAFE\GRANULE\L2A_T48MXU_A036780_20220708T031928\IMG_DATA\R60m\T48MXU_20220708T025541_B01_60m.jp2,20 m aligned to final B02,RETAIN_CYCLE0,0.5629788653428874,0.6046397209673828,112978,0.0
20230419_S2B,H:\Sentinel-2\Tidung\L2A\S2B_MSIL2A_20230419T025529_N0510_R032_T48MXU_20240831T021632.SAFE\GRANULE\L2A_T48MXU_A031947_20230419T030908\IMG_DATA\R60m\T48MXU_20230419T025529_B01_60m.jp2,20 m aligned to final B02,RETAIN_CYCLE0,0.5206048225483884,0.5417324578390955,111730,0.0
20230723_S2A,H:\Sentinel-2\Tidung\L2A\S2A_MSIL2A_20230723T025531_N0510_R032_T48MXU_20240916T185613.SAFE\GRANULE\L2A_T48MXU_A042214_20230723T030809\IMG_DATA\R60m\T48MXU_20230723T025531_B01_60m.jp2,20 m aligned to final B02,RETAIN_CYCLE0,0.5089966703940343,0.5312710365060288,112748,0.0
20230817_S2B,H:\Sentinel-2\Tidung\L2A\S2B_MSIL2A_20230817T025529_N0510_R032_T48MXU_20240822T114059.SAFE\GRANULE\L2A_T48MXU_A033663_20230817T031834\IMG_DATA\R60m\T48MXU_20230817T025529_B01_60m.jp2,20 m aligned to final B02,RETAIN_CYCLE0,0.5197173854015076,0.541491468133204,112106,0.0
20230916_S2B,H:\Sentinel-2\Tidung\L2A\S2B_MSIL2A_20230916T025529_N0510_R032_T48MXU_20240915T095036.SAFE\GRANULE\L2A_T48MXU_A034092_20230916T031554\IMG_DATA\R60m\T48MXU_20230916T025529_B01_60m.jp2,20 m aligned to final B02,RETAIN_CYCLE0,0.5044225526120619,0.5190884832739997,112584,0.0
20231220_S2A,H:\Sentinel-2\Tidung\L2A\S2A_MSIL2A_20231220T030131_N0510_R032_T48MXU_20231220T054150.SAFE\GRANULE\L2A_T48MXU_A044359_20231220T031713\IMG_DATA\R60m\T48MXU_20231220T030131_B01_60m.jp2,20 m aligned to final B02,RETAIN_CYCLE0,0.6091553892875047,0.663188125806203,112948,0.0
20240413_S2B,H:\Sentinel-2\Tidung\L2A\S2B_MSIL2A_20240413T025529_N0510_R032_T48MXU_20240413T061025.SAFE\GRANULE\L2A_T48MXU_A037095_20240413T031145\IMG_DATA\R60m\T48MXU_20240413T025529_B01_60m.jp2,20 m aligned to final B02,RETAIN_CYCLE0,0.5264418943950756,0.5491325394391463,112345,0.0
20240528_S2A,H:\Sentinel-2\Tidung\L2A\S2A_MSIL2A_20240528T025551_N0510_R032_T48MXU_20240528T075350.SAFE\GRANULE\L2A_T48MXU_A046647_20240528T031619\IMG_DATA\R60m\T48MXU_20240528T025551_B01_60m.jp2,20 m aligned to final B02,RETAIN_CYCLE0,0.5103588460791952,0.5328240651500262,112190,0.0
20240727_S2A,H:\Sentinel-2\Tidung\L2A\S2A_MSIL2A_20240727T025531_N0511_R032_T48MXU_20240727T092050.SAFE\GRANULE\L2A_T48MXU_A047505_20240727T031433\IMG_DATA\R60m\T48MXU_20240727T025531_B01_60m.jp2,20 m aligned to final B02,RETAIN_CYCLE0,0.5087261881956991,0.5305644121217468,112626,0.0
20240811_S2B,H:\Sentinel-2\Tidung\L2A\S2B_MSIL2A_20240811T025529_N0511_R032_T48MXU_20240811T070130.SAFE\GRANULE\L2A_T48MXU_A038811_20240811T031124\IMG_DATA\R60m\T48MXU_20240811T025529_B01_60m.jp2,20 m aligned to final B02,RETAIN_CYCLE0,0.4499175641607422,0.4518338543165082,112670,0.0
20240925_S2A,H:\Sentinel-2\Tidung\L2A\S2A_MSIL2A_20240925T025531_N0511_R032_T48MXU_20240925T072447.SAFE\GRANULE\L2A_T48MXU_A048363_20240925T031042\IMG_DATA\R60m\T48MXU_20240925T025531_B01_60m.jp2,20 m aligned to final B02,RETAIN_CYCLE1,0.5379203845729029,0.5643570640533689,112874,0.0
20241025_S2A,H:\Sentinel-2\Tidung\L2A\S2A_MSIL2A_20241025T025811_N0511_R032_T48MXU_20241025T063158.SAFE\GRANULE\L2A_T48MXU_A048792_20241025T031834\IMG_DATA\R60m\T48MXU_20241025T025811_B01_60m.jp2,20 m aligned to final B02,RETAIN_CYCLE0,0.5337708280849267,0.5584187247124118,112885,0.0
20250528_S2B,H:\Sentinel-2\Tidung\L2A\S2B_MSIL2A_20250528T025529_N0511_R032_T48MXU_20250528T063458.SAFE\GRANULE\L2A_T48MXU_A042958_20250528T031505\IMG_DATA\R60m\T48MXU_20250528T025529_B01_60m.jp2,20 m aligned to final B02,RETAIN_CYCLE0,0.5524803134516092,0.5869367144049391,111967,0.0
20250612_S2C,H:\Sentinel-2\Tidung\L2A\S2C_MSIL2A_20250612T025541_N0511_R032_T48MXU_20250612T080317.SAFE\GRANULE\L2A_T48MXU_A004006_20250612T031332\IMG_DATA\R60m\T48MXU_20250612T025541_B01_60m.jp2,20 m aligned to final B02,RETAIN_CYCLE0,0.5166427304070587,0.5394864803932885,112698,0.0
20250724_S2A,H:\Sentinel-2\Tidung\L2A\S2A_MSIL2A_20250724T030201_N0511_R032_T48MXU_20250724T082615.SAFE\GRANULE\L2A_T48MXU_A052682_20250724T031552\IMG_DATA\R60m\T48MXU_20250724T030201_B01_60m.jp2,20 m aligned to final B02,RETAIN_CYCLE0,0.5097126837901453,0.5320877275815528,112374,0.0
20250826_S2B,H:\Sentinel-2\Tidung\L2A\S2B_MSIL2A_20250826T025529_N0511_R032_T48MXU_20250826T063629.SAFE\GRANULE\L2A_T48MXU_A044245_20250826T031447\IMG_DATA\R60m\T48MXU_20250826T025529_B01_60m.jp2,20 m aligned to final B02,RETAIN_CYCLE0,0.5627876503044272,0.5977329506554504,112870,0.0
20250915_S2B,H:\Sentinel-2\Tidung\L2A\S2B_MSIL2A_20250915T025519_N0511_R032_T48MXU_20250915T063854.SAFE\GRANULE\L2A_T48MXU_A044531_20250915T031900\IMG_DATA\R60m\T48MXU_20250915T025519_B01_60m.jp2,20 m aligned to final B02,RETAIN_CYCLE0,0.5313667591028105,0.5543458915679865,113116,0.0
20260709_S2A,H:\Sentinel-2\Tidung\L2A\S2A_MSIL2A_20260709T030151_N0512_R032_T48MXU_20260709T110608.SAFE\GRANULE\L2A_T48MXU_A057687_20260709T031631\IMG_DATA\R60m\T48MXU_20260709T030151_B01_60m.jp2,20 m aligned to final B02,RETAIN_CYCLE0,0.5275973284995893,0.556779451983823,112491,0.0
20260808_S2A,H:\Sentinel-2\Tidung\L2A\S2A_MSIL2A_20260808T030151_N0512_R032_T48MXU_20260808T123808.SAFE\GRANULE\L2A_T48MXU_A058116_20260808T031811\IMG_DATA\R60m\T48MXU_20260808T030151_B01_60m.jp2,20 m aligned to final B02,RETAIN_CYCLE0,0.5503030679450234,0.5850920496071368,112403,0.0
